"FMAID","anatomicalSite"
"fma67504","Subdivision of cardinal body part"
"fma231430","Subdivision of body proper"
"fma24218","Subdivision of head"
"fma9661","Limb region"
"fma329137","Subdivision of hip"
"fma14181","Back of body proper"
"fma241863","Free limb region"
"fma24219","Subdivision of neck"
"fma24728","Face"
"fma24864","Axilla"
"fma24875","Free limb"
"fma24964","Hip"
"fma25054","Subdivision of trunk"
"fma25202","Shoulder"
"fma25245","Buttock"
"fma259204","Front of body proper"
"fma302822","Cervicothoracic region"
"fma312822","Region of buttock"
"fma321487","Subdivision of axilla"
"fma321761","Greater trochanteric region of hip"
"fma321830","Lateral half of back"
"fma322165","Right side of head"
"fma322166","Left side of head"
"fma322181","Vertebral region of back"
"fma54393","Subdivision of face"
"fma54545","Head proper"
"fma58817","Subdivision of head proper"
"fma7155","Neck"
"fma7181","Trunk"
"fma79190","Subdivision of shoulder"
"fma323761","Crown of head"
"fma326065","Anterior region of face"
"fma326551","Posterolateral part of neck"
"fma326562","Suprasternal notch region of neck"
"fma326568","Side of face"
"fma326582","Perinasal region of lateral half of face"
"fma326597","Eyebrow region"
"fma326752","Quadrant of buttock"
"fma329023","Subdivision of front of trunk"
"fma329052","Nasomaxillary part of face"
"fma329134","Pectoral girdle region"
"fma10427","Body wall"
"fma228775","Waist"
"fma229128","Subdivision of back of neck"
"fma24189","Back of neck"
"fma24223","Front of neck"
"fma24876","Free upper limb region"
"fma24877","Free lower limb region"
"fma24878","Free upper limb"
"fma24879","Free lower limb"
"fma24965","Right hip"
"fma24966","Left hip"
"fma25055","Trunk proper"
"fma25056","Back"
"fma25246","Right buttock"
"fma25247","Left buttock"
"fma259054","Wall of abdominal segment of trunk"
"fma259102","Subdivision of trunk proper"
"fma259104","Subdivision of back"
"fma259209","Thoracic segment of trunk"
"fma269539","Subdivision of body wall"
"fma285406","Midface"
"fma301533","Axilla proper"
"fma312824","Superolateral region of buttock"
"fma312830","Superomedial region of buttock"
"fma312836","Inferomedial region of buttock"
"fma312842","Inferolateral region of buttock"
"fma317760","Cerebral part of head"
"fma320451","Cerebral part proper of head"
"fma320453","Auriculotemporal part of head"
"fma320466","Wall of head proper"
"fma320468","Subdivision of wall of head proper"
"fma321729","Lateral half of trunk"
"fma321733","Lateral half of face"
"fma321755","Lateral half of nose"
"fma322171","Peri-orbital region of face"
"fma322178","Supraclavicular part of neck"
"fma322179","Lateral region of trunk"
"fma322183","Axillary fold"
"fma322234","Sacro-iliac region"
"fma322235","Presacral region of pelvis"
"fma322564","Eyelid complex"
"fma323987","Extra-articular region of shoulder"
"fma33642","Right shoulder"
"fma33643","Left shoulder"
"fma35350","Acromial region of shoulder"
"fma37343","Wall of axilla"
"fma37352","Base of axilla"
"fma45302","Right axilla"
"fma45303","Left axilla"
"fma46448","Frontal part of head"
"fma46472","Nose"
"fma46489","Subdivision of external nose"
"fma46490","Subdivision of mouth"
"fma49184","Mouth"
"fma49187","Occipital part of head"
"fma54437","Eyelid"
"fma54448","Eye"
"fma59515","External nose"
"fma61607","Subdivision of front of neck"
"fma61708","Subdivision of auriculotemporal part of head"
"fma61731","Parietal part of head"
"fma63862","Subdivision of frontal part of head"
"fma73004","Deltoid region of shoulder"
"fma74794","Lateral part of neck"
"fma78575","Scapular region of shoulder"
"fma79187","Pectoral region of shoulder"
"fma80473","Anterolateral part of neck"
"fma83017","Cardinal free limb region"
"fma85518","Digit"
"fma86935","Posterior body wall"
"fma326174","Right lateral half of face"
"fma326175","Left lateral half of face"
"fma326498","Renal region of back"
"fma326502","Back of upper thorax"
"fma326503","Back of lower thorax"
"fma326536","Midline region of external nose"
"fma326574","Milkline region of trunk"
"fma326575","Anterior axillary line region of trunk"
"fma326576","Posterior axillary line region of trunk"
"fma326577","Midaxillary line region of trunk"
"fma326584","Lateral wall of external nose"
"fma326592","Medial part of lower limb"
"fma326593","Lateral part of lower limb"
"fma326698","Left lateral half of nose"
"fma326699","Right lateral half of nose"
"fma326746","Lateral half of thoracic segment of trunk"
"fma326747","Lateral half of back of thorax"
"fma329024","Back of pelvis"
"fma329033","Distal free upper limb region"
"fma329037","Middle free lower limb region"
"fma329063","Proximal free lower limb region"
"fma329072","Middle free upper limb region"
"fma329094","Distal free lower limb region"
"fma329102","Proximal free upper limb region"
"fma20370","Back of free lower limb"
"fma20371","Back of free upper limb"
"fma224218","Anterior part of floor of mouth"
"fma224220","Posterior part of floor of mouth"
"fma225806","Right side of chin"
"fma225808","Left side of chin"
"fma228738","Throat"
"fma229130","Inferior part of back of neck"
"fma229132","Superior part of back of neck"
"fma229134","Right half of inferior part of back of neck"
"fma229136","Left half of inferior part of back of neck"
"fma24187","Thoracolumbar part of back"
"fma24217","Back of thorax"
"fma24880","Right free upper limb"
"fma24881","Left free upper limb"
"fma24882","Right free lower limb"
"fma24883","Left free lower limb"
"fma24901","Elbow"
"fma24922","Wrist"
"fma24952","Front of free upper limb"
"fma24974","Knee"
"fma25059","Back of upper limb"
"fma25061","Front of upper limb"
"fma25063","Front of lower limb"
"fma25066","Back of lower limb"
"fma258778","Segment of wrist"
"fma260134","Mandibular part proper of mouth"
"fma269541","Thoracic segment of body wall"
"fma269543","Abdominal segment of body wall"
"fma286121","Region of labial part of mouth"
"fma289583","Vestibular part of mouth"
"fma289695","External part of mouth"
"fma289698","Internal part of mouth"
"fma289701","External mandibular part of mouth"
"fma289703","Right side of maxillary alveolodental arch"
"fma289705","Left side of maxillary alveolodental arch"
"fma292376","Glosso-epiglottic region of mouth"
"fma301535","Right axilla proper"
"fma301537","Left axilla proper"
"fma312826","Superolateral region of right buttock"
"fma312828","Superolateral region of left buttock"
"fma312832","Superomedial region of right buttock"
"fma312834","Superomedial region of left buttock"
"fma312838","Inferomedial region of right buttock"
"fma312840","Inferomedial region of left buttock"
"fma312844","Inferolateral region of right buttock"
"fma312846","Inferolateral region of left buttock"
"fma313007","Nasal sill"
"fma320455","Right auriculotemporal part of head"
"fma320457","Left auriculotemporal part of head"
"fma320470","Temple"
"fma320501","Parietal wall of head proper"
"fma320507","Occipital wall of head proper"
"fma321018","Vertebral region of back of neck"
"fma321020","Paravertebral region of back of neck"
"fma321556","Chirocarpal region"
"fma321756","Lateral half of external nose"
"fma321758","Lateral half of chin"
"fma321759","Lateral half of lumbar region of back"
"fma321760","Achilles region"
"fma321860","Vertebral part of cervicothoracic region of back"
"fma321861","Vertebral part of thoracolumbar region of back"
"fma321862","Vertebral part of lumbosacral region of back"
"fma321863","Vertebral part of sacrococcygeal region of back"
"fma322078","Right lateral half of trunk"
"fma322079","Left lateral half of trunk"
"fma322080","Cervicothoracic region of back"
"fma322081","Lumbar region of back"
"fma322082","Lumbosacral region of back"
"fma322083","Sacrococcygeal region of back"
"fma322084","Coccygeal region of back"
"fma322167","Retro-auricular part of head"
"fma322173","Right peri-orbital region of face"
"fma322174","Left peri-orbital region of face"
"fma322184","Anterior axillary fold"
"fma322185","Posterior axillary fold"
"fma322616","Region of elbow"
"fma322976","Lateral part of floor of mouth"
"fma323988","Lower part of back of thorax"
"fma323989","Upper part of back of thorax"
"fma323990","Paravertebral part of back of abdomen"
"fma35351","Acromial part of right shoulder"
"fma35352","Acromial part of left shoulder"
"fma37357","Wall of right axilla"
"fma37358","Wall of left axilla"
"fma46476","Cheek"
"fma46495","Chin"
"fma52780","Ear"
"fma52781","External ear"
"fma54439","Upper eyelid"
"fma54442","Lower eyelid"
"fma54449","Right eye"
"fma54450","Left eye"
"fma59398","Mandibular part of mouth"
"fma59516","Root of nose"
"fma59517","Dorsum of nose"
"fma59518","Tip of nose"
"fma59519","Ala of nose"
"fma59725","Columella"
"fma59815","Labial part of mouth"
"fma60964","Subdivision of cheek"
"fma61608","Right half of front of neck"
"fma61609","Left half of front of neck"
"fma61681","Back of abdomen"
"fma61690","Vertebral part of back of abdomen"
"fma61705","Subdivision of external ear"
"fma61707","Auricular part of head"
"fma61732","Right parietal part of head"
"fma61733","Left parietal part of head"
"fma63864","Forehead"
"fma63865","Frontal part proper of head"
"fma63867","Temporal part of head"
"fma63869","Subdivision of temporal part of head"
"fma73005","Deltoid part of right shoulder"
"fma73007","Deltoid part of left shoulder"
"fma73011","Base of right axilla"
"fma73012","Base of left axilla"
"fma74795","Right lateral part of neck"
"fma74796","Left lateral part of neck"
"fma74830","Subdivision of back of thorax"
"fma74846","Region of knee"
"fma74847","Region of ankle"
"fma77269","Angle of mouth"
"fma78576","Scapular part of right shoulder"
"fma78577","Scapular part of left shoulder"
"fma79188","Pectoral part of right shoulder"
"fma79189","Pectoral part of left shoulder"
"fma83014","Proximal free limb region"
"fma83015","Distal free limb region"
"fma83016","Middle free limb region"
"fma86592","Floor of mouth"
"fma9665","Ankle"
"fma326540","Anterolateral part of elbow"
"fma326541","Anterolateral part of knee"
"fma326543","Anteromedial part of knee"
"fma326549","Posterolateral part of elbow"
"fma326550","Posterolateral part of knee"
"fma326554","Posteromedial part of elbow"
"fma326555","Posteromedial part of knee"
"fma326560","Knee crease"
"fma326566","Medial part of ankle"
"fma326567","Lateral part of ankle"
"fma326571","Anteromedial part of elbow"
"fma326694","Left lateral half of external nose"
"fma326695","Right lateral half of external nose"
"fma224222","Supra-auricular part of head"
"fma22992","Interscapular part of back"
"fma22995","Infrascapular part of back"
"fma24902","Right elbow"
"fma24903","Left elbow"
"fma24904","Anterior part of elbow"
"fma24907","Posterior part of elbow"
"fma24923","Anterior part of wrist"
"fma24924","Posterior part of wrist"
"fma24940","Right wrist"
"fma24941","Left wrist"
"fma24970","Right ankle"
"fma24971","Left ankle"
"fma24975","Anterior part of knee"
"fma24976","Popliteal part of knee"
"fma24977","Right knee"
"fma24978","Left knee"
"fma24991","Anterior part of ankle"
"fma24992","Posterior part of ankle"
"fma25251","Front of right upper limb"
"fma25252","Front of left upper limb"
"fma25253","Back of right upper limb"
"fma25254","Back of left upper limb"
"fma25255","Front of right lower limb"
"fma25256","Front of left lower limb"
"fma25257","Back of right lower limb"
"fma25258","Back of left lower limb"
"fma25448","Malleolar part of ankle"
"fma258781","Proximal segment of wrist"
"fma258787","Distal segment of wrist"
"fma260136","Right mandibular part proper of mouth"
"fma260138","Left mandibular part proper of mouth"
"fma286123","Lip proper"
"fma286125","Region of upper lip"
"fma286127","Region of lower lip"
"fma286305","Vermilion complex"
"fma305944","Region of vermilion"
"fma313009","Right nasal sill"
"fma313011","Left nasal sill"
"fma317809","Temporal part proper of head"
"fma319532","Right angle of mouth"
"fma319534","Left angle of mouth"
"fma320472","Right temple"
"fma320474","Left temple"
"fma320503","Right parietal wall of head proper"
"fma320505","Left parietal wall of head proper"
"fma321021","Right paravertebral region of back of neck"
"fma321022","Left paravertebral region of back of neck"
"fma321969","Right chirocarpal region"
"fma321970","Left chirocarpal region"
"fma322168","Right retro-auricular part of head"
"fma322169","Left retro-auricular part of head"
"fma322340","Region of anterior part of elbow"
"fma322617","Lateral part of elbow"
"fma322620","Medial part of elbow"
"fma46450","Temple region of temporal part of head"
"fma46488","Cheek proper"
"fma46491","Lateral part of cheek"
"fma53637","Right cheek"
"fma53638","Left cheek"
"fma53641","Right ear"
"fma53642","Left ear"
"fma53643","Right external ear"
"fma53644","Left external ear"
"fma54440","Right upper eyelid"
"fma54441","Left upper eyelid"
"fma54443","Right lower eyelid"
"fma54444","Left lower eyelid"
"fma56580","Pinna"
"fma58825","Right auricular part of head"
"fma58826","Left auricular part of head"
"fma59521","Right ala of nose"
"fma59522","Left ala of nose"
"fma59816","Lip"
"fma59824","Vermilion"
"fma60960","Subdivision of pinna"
"fma60965","Infra-orbital part of cheek"
"fma60966","Zygomatic part of cheek"
"fma61288","Subdivision of external acoustic tube"
"fma61564","Pre-auricular part of cheek"
"fma61709","Mastoid part of head"
"fma61734","External acoustic tube"
"fma74806","Right temporal part of head"
"fma74807","Left temporal part of head"
"fma79067","Subdivision of anterior part of knee"
"fma79077","Lateral part of knee"
"fma79078","Medial part of knee"
"fma79083","Region of posterior part of elbow"
"fma87581","Scapular part of back"
"fma326537","Obverse part of pinna"
"fma224224","Right supra-auricular part of head"
"fma224226","Left supra-auricular part of head"
"fma224234","Wall of subdivision of external acoustic tube"
"fma224400","Right side of upper lip"
"fma224402","Left side of upper lip"
"fma224404","Lateral part of lower lip"
"fma224413","Middle part of lower lip"
"fma236978","Right side of lower lip"
"fma236980","Left side of lower lip"
"fma24905","Anterior part of right elbow"
"fma24906","Anterior part of left elbow"
"fma24908","Posterior part of right elbow"
"fma24909","Posterior part of left elbow"
"fma25449","Medial malleolar part of ankle"
"fma25450","Lateral malleolar part of ankle"
"fma258783","Proximal segment of right wrist"
"fma258785","Proximal segment of left wrist"
"fma258789","Distal segment of right wrist"
"fma258791","Distal segment of left wrist"
"fma281627","Region of upper lip proper"
"fma286132","Vermilion proper"
"fma286140","Vermilion border region"
"fma304688","Region of lower lip proper"
"fma305938","Region of philtrum"
"fma305948","Vermilion of right side of upper lip"
"fma305950","Vermilion of left side of upper lip"
"fma313901","Vermilion proper of right side of upper lip"
"fma313903","Vermilion proper of left side of upper lip"
"fma313905","Vermilion border region of right side of upper lip"
"fma313907","Vermilion border region of left side of upper lip"
"fma317811","Right temporal part proper of head"
"fma317813","Left temporal part proper of head"
"fma320943","Subdivision of helix"
"fma321780","Lateral half of upper lip"
"fma322341","Elbow crease"
"fma322618","Lateral part of right elbow"
"fma322619","Lateral part of left elbow"
"fma53639","Temple region of right temporal part of head"
"fma53640","Temple region of left temporal part of head"
"fma56663","Right pinna"
"fma56664","Left pinna"
"fma59817","Upper lip"
"fma59818","Lower lip"
"fma59819","Philtrum"
"fma59827","Vermilion of upper lip"
"fma59828","Vermilion of lower lip"
"fma59830","Upper lip proper"
"fma59831","Lower lip proper"
"fma60967","Zygomatic part of right cheek"
"fma60968","Zygomatic part of left cheek"
"fma60969","Infra-orbital part of right cheek"
"fma60970","Infra-orbital part of left cheek"
"fma60984","Lobule of pinna"
"fma60992","Helix"
"fma60995","Antihelix"
"fma60998","Tragus"
"fma61001","Antitragus"
"fma61006","Conchal part of pinna"
"fma61081","Subdivision of conchal part of pinna"
"fma61091","Triangular fossa of antihelix"
"fma61151","Tubercle of pinna"
"fma61165","Fossa of antihelix"
"fma61178","Apex of pinna"
"fma61291","Isthmus of external acoustic tube"
"fma61305","External part of external acoustic tube"
"fma61306","Middle part of external acoustic tube"
"fma61307","Inner part of external acoustic tube"
"fma61319","Wall of external acoustic tube"
"fma61565","Pre-auricular part of right cheek"
"fma61566","Pre-auricular part of left cheek"
"fma61723","Right mastoid part of head"
"fma61724","Left mastoid part of head"
"fma61735","Right external acoustic tube"
"fma61736","Left external acoustic tube"
"fma73055","Anterior part of right knee"
"fma73056","Anterior part of left knee"
"fma73058","Popliteal part of right knee"
"fma73060","Popliteal part of left knee"
"fma74599","Right cheek proper"
"fma74600","Left cheek proper"
"fma74824","Lateral part of right cheek"
"fma74825","Lateral part of left cheek"
"fma74832","Right infrascapular part of back"
"fma74833","Left infrascapular part of back"
"fma74841","Anterior part of right wrist"
"fma74842","Anterior part of left wrist"
"fma74843","Posterior part of right wrist"
"fma74844","Posterior part of left wrist"
"fma74848","Anterior part of right ankle"
"fma74849","Anterior part of left ankle"
"fma74850","Posterior part of right ankle"
"fma74851","Posterior part of left ankle"
"fma76618","Lateral retromalleolar region"
"fma76619","Medial retromalleolar region"
"fma79064","Patellar part of knee"
"fma79068","Anterior part proper of knee"
"fma79079","Medial part of right knee"
"fma79080","Medial part of left knee"
"fma79081","Lateral part of right knee"
"fma79082","Lateral part of left knee"
"fma79084","Posterior part proper of elbow"
"fma79085","Olecranon region"
"fma87582","Right scapular part of back"
"fma87583","Left scapular part of back"
"fma326578","Rim of helix"
"fma224236","Posterior wall of external acoustic tube"
"fma224242","Anterior wall of external acoustic tube"
"fma224377","Inferior wall of external acoustic tube"
"fma281630","Right side of upper lip proper"
"fma281632","Left side of upper lip proper"
"fma281711","Lateral crest of philtrum"
"fma281717","Philtrum proper"
"fma286134","Vermilion proper of upper lip"
"fma286137","Vermilion proper of lower lip"
"fma286142","Vermilion border region of upper lip"
"fma286146","Vermilion border region of lower lip"
"fma304690","Right side of lower lip proper"
"fma304692","Left side of lower lip proper"
"fma305940","Groove of philtrum proper"
"fma305942","Vermilion of philtrum"
"fma305953","Vermilion proper of philtrum"
"fma313899","Vermilion border region of philtrum"
"fma59829","Tubercle of upper lip"
"fma60989","Lobule of right pinna"
"fma60991","Lobule of left pinna"
"fma60993","Right helix"
"fma60994","Left helix"
"fma60996","Right antihelix"
"fma60997","Left antihelix"
"fma60999","Right tragus"
"fma61000","Left tragus"
"fma61002","Right antitragus"
"fma61003","Left antitragus"
"fma61008","Conchal part of right pinna"
"fma61009","Conchal part of left pinna"
"fma61024","Crus of helix"
"fma61027","Spine of helix"
"fma61028","Tail of helix"
"fma61082","Cymba conchae of pinna"
"fma61083","Concha proper of pinna"
"fma61092","Triangular fossa of right antihelix"
"fma61093","Triangular fossa of left antihelix"
"fma61152","Tubercle of right pinna"
"fma61153","Tubercle of left pinna"
"fma61166","Fossa of right antihelix"
"fma61167","Fossa of left antihelix"
"fma61179","Apex of right pinna"
"fma61180","Apex of left pinna"
"fma61292","Isthmus of right external acoustic meatus"
"fma61293","Isthmus of left external acoustic meatus"
"fma61308","Inner part of right external acoustic tube"
"fma61309","Inner part of left external acoustic tube"
"fma61310","Middle part of right external acoustic tube"
"fma61311","Middle part of left external acoustic tube"
"fma61312","External part of right external acoustic tube"
"fma61313","External part of left external acoustic tube"
"fma61323","Wall of right external acoustic tube"
"fma61324","Wall of left external acoustic tube"
"fma61328","Wall of external part of external acoustic tube"
"fma61329","Wall of middle part of external acoustic tube"
"fma61330","Wall of inner part of external acoustic tube"
"fma74852","Medial malleolar part of right ankle"
"fma74853","Medial malleolar part of left ankle"
"fma74854","Lateral malleolar part of right ankle"
"fma74855","Lateral malleolar part of left ankle"
"fma77676","Supratragic tubercle"
"fma79056","Right lateral retromalleolar region"
"fma79057","Left lateral retromalleolar region"
"fma79058","Right medial retromalleolar region"
"fma79059","Left medial retromalleolar region"
"fma79065","Patellar part of right knee"
"fma79066","Patellar part of left knee"
"fma79069","Anterior part proper of right knee"
"fma79070","Anterior part proper of left knee"
"fma79086","Posterior part proper of right elbow"
"fma79087","Posterior part proper of left elbow"
"fma79088","Right olecranon region"
"fma79089","Left olecranon region"
"fma224238","Posterior wall of right external acoustic tube"
"fma224240","Posterior wall of left external acoustic tube"
"fma224244","Anterior wall of right external acoustic tube"
"fma224246","Anterior wall of left external acoustic tube"
"fma224380","Inferior wall of right external acoustic tube"
"fma224382","Inferior wall of left external acoustic tube"
"fma228619","Right supratragic tubercle"
"fma228621","Left supratragic tubercle"
"fma281713","Right lateral crest of philtrum"
"fma281715","Left lateral crest of philtrum"
"fma61029","Tail of right helix"
"fma61030","Tail of left helix"
"fma61031","Spine of right helix"
"fma61032","Spine of helical part of left pinna"
"fma61033","Crus of right helix"
"fma61034","Crus of left helix"
"fma61084","Cymba conchae of right pinna"
"fma61085","Cymba conchae of left pinna"
"fma61086","Concha proper of right pinna"
"fma61087","Concha proper of left pinna"
"fma61331","Wall of inner part of right external acoustic tube"
"fma61332","Wall of inner part of left external acoustic tube"
"fma61333","Wall of middle part of right external acoustic tube"
"fma61334","Wall of middle part of left external acoustic tube"
"fma61335","Wall of external part of right external acoustic tube"
"fma61336","Wall of external part of left external acoustic tube"
"fma21440","Sacro-iliac joint"
"fma25883","Sternoclavicular joint"
"fma25898","Acromioclavicular joint"
"fma25912","Glenohumeral joint"
"fma300839","Synovial joint of free upper limb segment"
"fma300843","Synovial joint of free lower limb segment"
"fma35178","Hip joint"
"fma35219","Intermetatarsal joint"
"fma42765","Interphalangeal joint"
"fma21441","Right sacroiliac joint"
"fma21442","Left sacroiliac joint"
"fma25893","Right sternoclavicular joint"
"fma25895","Left sternoclavicular joint"
"fma25901","Right acromioclavicular joint"
"fma25902","Left acromioclavicular joint"
"fma25927","Right glenohumeral joint"
"fma25929","Left glenohumeral joint"
"fma300841","Synovial joint of hand"
"fma321911","Synovial joint of foot"
"fma35175","Knee joint"
"fma35179","Right hip joint"
"fma35180","Left hip joint"
"fma35195","Ankle joint"
"fma35201","Transverse tarsal joint"
"fma35213","Intercuneiform joint"
"fma35216","Tarsometatarsal joint"
"fma35220","First intermetatarsal joint"
"fma35221","Second intermetatarsal joint"
"fma35222","Metatarsophalangeal joint"
"fma35225","Interphalangeal joint of toe"
"fma35285","Interphalangeal joint of finger"
"fma35289","Elbow joint"
"fma35291","Radiocarpal joint"
"fma38854","Humeroulnar joint"
"fma38855","Humeroradial joint"
"fma38863","Radio-ulnar joint"
"fma43571","Tibiofemoral joint"
"fma43574","Patellofemoral joint"
"fma44281","Intertarsal joint"
"fma73267","Third intermetatarsal joint"
"fma73268","Fourth intermetatarsal joint"
"fma321905","Synovial joint of finger"
"fma321927","Proximal interphalangeal joint of finger"
"fma321928","Middle interphalangeal joint of finger"
"fma321929","Distal interphalangeal joint of finger"
"fma321967","Proximal interphalangeal joint of toe"
"fma321968","Distal interphalangeal joint of toe"
"fma322494","Metatarsophalangeal joint of lesser toe"
"fma35176","Right knee joint"
"fma35177","Left knee joint"
"fma35196","Right ankle joint"
"fma35197","Left ankle joint"
"fma35198","Talocalcaneal joint"
"fma35202","Right transverse tarsal joint"
"fma35203","Left transverse tarsal joint"
"fma35204","Talocalcaneonavicular joint"
"fma35207","Calcaneocuboid joint"
"fma35210","Cuneonavicular joint"
"fma35214","Right intercuneiform joint"
"fma35215","Left intercuneiform joint"
"fma35217","Right tarsometatarsal joint"
"fma35218","Left tarsometatarsal joint"
"fma35228","Metatarsophalangeal joint of big toe"
"fma35231","Metatarsophalangeal joint of second toe"
"fma35234","Metatarsophalangeal joint of third toe"
"fma35237","Metatarsophalangeal joint of fourth toe"
"fma35240","Metatarsophalangeal joint of little toe"
"fma35246","Metacarpophalangeal joint"
"fma35287","Carpometacarpal joint"
"fma35288","Intermetacarpal joint"
"fma35290","Distal radio-ulnar joint"
"fma35292","Intercarpal joint"
"fma35294","Right elbow joint"
"fma35295","Left elbow joint"
"fma35298","Right wrist joint"
"fma35299","Left wrist joint"
"fma35312","Interphalangeal joint of thumb"
"fma35353","Interphalangeal joint of big toe"
"fma35356","Interphalangeal joint of second toe"
"fma35359","Interphalangeal joint of third toe"
"fma35362","Interphalangeal joint of fourth toe"
"fma35365","Interphalangeal joint of little toe"
"fma35397","Interphalangeal joint of index finger"
"fma35400","Interphalangeal joint of middle finger"
"fma35403","Interphalangeal joint of ring finger"
"fma35407","Interphalangeal joint of little finger"
"fma38856","Right humeroulnar joint"
"fma38857","Left humeroulnar joint"
"fma38858","Right humeroradial joint"
"fma38859","Left humeroradial joint"
"fma38860","Proximal radio-ulnar joint"
"fma43572","Right tibiofemoral joint"
"fma43573","Left tibiofemoral joint"
"fma43575","Right patellofemoral joint"
"fma43576","Left patellofemoral joint"
"fma44282","Right intertarsal joint"
"fma44283","Left intertarsal joint"
"fma44349","Cuboideonavicular joint"
"fma44352","Cuneocuboid joint"
"fma44357","First tarsometatarsal joint"
"fma44358","Second tarsometatarsal joint"
"fma44360","Third tarsometatarsal joint"
"fma44361","Fourth tarsometatarsal joint"
"fma44362","Fifth tarsometatarsal joint"
"fma73222","Medial-intermediate intercuneiform joint"
"fma73223","Lateral-intermediate intercuneiform joint"
"fma73271","Right first intermetatarsal joint"
"fma73272","Left first intermetatarsal joint"
"fma73273","Right second intermetatarsal joint"
"fma73274","Left second intermetatarsal joint"
"fma73276","Right third intermetatarsal joint"
"fma73277","Left third intermetatarsal joint"
"fma73278","Right fourth intermetatarsal joint"
"fma73279","Left fourth intermetatarsal joint"
"fma323768","Scapho-trapezial joint"
"fma323769","Scapho-lunate joint"
"fma321906","Synovial joint of thumb"
"fma321907","Synovial joint of index finger"
"fma321908","Synovial joint of middle finger"
"fma321909","Synovial joint of ring finger"
"fma321910","Synovial joint of little finger"
"fma322431","Proximal interphalangeal joint of lesser toe"
"fma322432","Distal interphalangeal joint of lesser toe"
"fma35199","Right talocalcaneal joint"
"fma35200","Left talocalcaneal joint"
"fma35205","Right talocalcaneonavicular joint"
"fma35206","Left talocalcaneonavicular joint"
"fma35208","Right calcaneocuboid joint"
"fma35209","Left calcaneocuboid joint"
"fma35211","Right cuneonavicular joint"
"fma35212","Left cuneonavicular joint"
"fma35229","Metatarsophalangeal joint of right big toe"
"fma35230","Metatarsophalangeal joint of left big toe"
"fma35232","Metatarsophalangeal joint of right second toe"
"fma35233","Metatarsophalangeal joint of left second toe"
"fma35235","Metatarsophalangeal joint of right third toe"
"fma35236","Metatarsophalangeal joint of left third toe"
"fma35238","Metatarsophalangeal joint of right fourth toe"
"fma35239","Metatarsophalangeal joint of left fourth toe"
"fma35241","Metatarsophalangeal joint of right little toe"
"fma35242","Metatarsophalangeal joint of left little toe"
"fma35249","Metacarpophalangeal joint of thumb"
"fma35252","Metacarpophalangeal joint of index finger"
"fma35255","Metacarpophalangeal joint of middle finger"
"fma35258","Metacarpophalangeal joint of ring finger"
"fma35261","Metacarpophalangeal joint of little finger"
"fma35293","Midcarpal joint"
"fma35296","Right distal radio-ulnar joint"
"fma35297","Left distal radio-ulnar joint"
"fma35313","Interphalangeal joint of right thumb"
"fma35314","Interphalangeal joint of left thumb"
"fma35315","Proximal interphalangeal joint of index finger"
"fma35318","Proximal interphalangeal joint of middle finger"
"fma35321","Proximal interphalangeal joint of ring finger"
"fma35324","Proximal interphalangeal joint of little finger"
"fma35334","Distal interphalangeal joint of index finger"
"fma35337","Distal interphalangeal joint of middle finger"
"fma35340","Distal interphalangeal joint of ring finger"
"fma35343","Distal interphalangeal joint of little finger"
"fma35354","Interphalangeal joint of right big toe"
"fma35355","Interphalangeal joint of left big toe"
"fma35357","Interphalangeal joint of right second toe"
"fma35358","Interphalangeal joint of left second toe"
"fma35360","Interphalangeal joint of right third toe"
"fma35361","Interphalangeal joint of left third toe"
"fma35363","Interphalangeal joint of right fourth toe"
"fma35364","Interphalangeal joint of left fourth toe"
"fma35366","Interphalangeal joint of right little toe"
"fma35367","Interphalangeal joint of left little toe"
"fma35368","Proximal interphalangeal joint of second toe"
"fma35369","Distal interphalangeal joint of second toe"
"fma35374","Proximal interphalangeal joint of third toe"
"fma35375","Distal interphalangeal joint of third toe"
"fma35383","Proximal interphalangeal joint of fourth toe"
"fma35387","Distal interphalangeal joint of fourth toe"
"fma35390","Proximal interphalangeal joint of little toe"
"fma35393","Distal interphalangeal joint of little toe"
"fma35421","Carpometacarpal joint of thumb"
"fma35424","Second carpometacarpal joint"
"fma35427","Third carpometacarpal joint"
"fma35430","Fourth carpometacarpal joint"
"fma35433","Fifth carpometacarpal joint"
"fma38861","Right proximal radio-ulnar joint"
"fma38862","Left proximal radio-ulnar joint"
"fma42318","Pisotriquetral joint"
"fma44350","Right cuboideonavicular joint"
"fma44351","Left cuboideonavicular joint"
"fma44353","Right cuneocuboid joint"
"fma44354","Left cuneocuboid joint"
"fma44363","Right first tarsometatarsal joint"
"fma44364","Left first tarsometatarsal joint"
"fma44365","Right second tarsometatarsal joint"
"fma44366","Left second tarsometatarsal joint"
"fma44367","Right third tarsometatarsal joint"
"fma44368","Left third tarsometatarsal joint"
"fma44369","Right fourth tarsometatarsal joint"
"fma44370","Left fourth tarsometatarsal joint"
"fma44371","Right fifth tarsometatarsal joint"
"fma44372","Left fifth tarsometatarsal joint"
"fma65003","Intermetacarpal joint of second and third metacarpal bones"
"fma65007","Intermetacarpal joint of third and fourth metacarpal bones"
"fma65011","Intermetacarpal joint of fourth and fifth metacarpal bones"
"fma73126","Pisiform joint"
"fma73230","Right medial-intermediate intercuneiform joint"
"fma73233","Left medial-intermediate intercuneiform joint"
"fma73236","Right lateral-intermediate intercuneiform joint"
"fma73237","Left lateral-intermediate intercuneiform joint"
"fma35250","Metacarpophalangeal joint of right thumb"
"fma35251","Metacarpophalangeal joint of left thumb"
"fma35253","Metacarpophalangeal joint of right index finger"
"fma35254","Metacarpophalangeal joint of left index finger"
"fma35256","Metacarpophalangeal joint of right middle finger"
"fma35257","Metacarpophalangeal joint of left middle finger"
"fma35259","Metacarpophalangeal joint of right ring finger"
"fma35260","Metacarpophalangeal joint of left ring finger"
"fma35262","Metacarpophalangeal joint of right little finger"
"fma35263","Metacarpophalangeal joint of left little finger"
"fma35300","Right midcarpal joint"
"fma35301","Left midcarpal joint"
"fma35316","Proximal interphalangeal joint of right index finger"
"fma35317","Proximal interphalangeal joint of left index finger"
"fma35319","Proximal interphalangeal joint of right middle finger"
"fma35320","Proximal interphalangeal joint of left middle finger"
"fma35322","Proximal interphalangeal joint of right ring finger"
"fma35323","Proximal interphalangeal joint of left ring finger"
"fma35325","Proximal interphalangeal joint of right little finger"
"fma35326","Proximal interphalangeal joint of left little finger"
"fma35335","Distal interphalangeal joint of right index finger"
"fma35336","Distal interphalangeal joint of left index finger"
"fma35338","Distal interphalangeal joint of right middle finger"
"fma35339","Distal interphalangeal joint of left middle finger"
"fma35341","Distal interphalangeal joint of right ring finger"
"fma35342","Distal interphalangeal joint of left ring finger"
"fma35344","Distal interphalangeal joint of right little finger"
"fma35345","Distal interphalangeal joint of left little finger"
"fma35370","Distal interphalangeal joint of right second toe"
"fma35371","Distal interphalangeal joint of left second toe"
"fma35372","Proximal interphalangeal joint of right second toe"
"fma35373","Proximal interphalangeal joint of left second toe"
"fma35377","Distal interphalangeal joint of right third toe"
"fma35378","Distal interphalangeal joint of left third toe"
"fma35381","Proximal interphalangeal joint of right third toe"
"fma35382","Proximal interphalangeal joint of left third toe"
"fma35384","Proximal interphalangeal joint of right fourth toe"
"fma35385","Proximal interphalangeal joint of left fourth toe"
"fma35388","Distal interphalangeal joint of right fourth toe"
"fma35389","Distal interphalangeal joint of left fourth toe"
"fma35391","Proximal interphalangeal joint of right little toe"
"fma35392","Proximal interphalangeal joint of left little toe"
"fma35394","Distal interphalangeal joint of right little toe"
"fma35395","Distal interphalangeal joint of left little toe"
"fma35422","Carpometacarpal joint of right thumb"
"fma35423","Carpometacarpal joint of left thumb"
"fma35425","Right second carpometacarpal joint"
"fma35426","Left second carpometacarpal joint"
"fma35428","Right third carpometacarpal joint"
"fma35429","Left third carpometacarpal joint"
"fma35431","Right fourth carpometacarpal joint"
"fma35432","Left fourth carpometacarpal joint"
"fma35434","Right fifth carpometacarpal joint"
"fma35435","Left fifth carpometacarpal joint"
"fma42319","Right pisotriquetral joint"
"fma42320","Left pisotriquetral joint"
"fma65005","Intermetacarpal joint of right second and third metacarpal bones"
"fma65006","Intermetacarpal joint of left second and third metacarpal bones"
"fma65009","Intermetacarpal joint of right third and fourth metacarpal bones"
"fma65010","Intermetacarpal joint of left third and fourth metacarpal bones"
"fma65012","Intermetacarpal joint of right fourth and fifth metacarpal bones"
"fma65013","Intermetacarpal joint of left fourth and fifth metacarpal bones"
"fma73127","Right pisiform joint"
"fma73128","Left pisiform joint"
"","unknown"
"","other site"
